{"cameraMode":{"drawMode":0,"name":"Shaded","section":"Shading Mode"},"sceneLighting":false,"audioPlay":false,"sceneViewState":{"showFog":true,"showMaterialUpdate":false,"showSkybox":true,"showFlares":true,"showImageEffects":true,"showParticleSystems":true},"in2DMode":false,"pivot":{"x":4.417617321014404,"y":2.2421066761016847,"z":27.448974609375},"rotation":{"x":-0.03378252312541008,"y":0.9626063704490662,"z":-0.14283660054206849,"w":-0.22769582271575929},"size":0.7643922567367554,"orthographic":false}