{"cameraMode":{"drawMode":0,"name":"Shaded","section":"Shading Mode"},"sceneLighting":true,"audioPlay":false,"sceneViewState":{"showFog":true,"showMaterialUpdate":false,"showSkybox":true,"showFlares":true,"showImageEffects":true,"showParticleSystems":true},"in2DMode":false,"pivot":{"x":412.9177551269531,"y":298.21478271484377,"z":0.0},"rotation":{"x":0.1894770711660385,"y":-0.042392224073410037,"z":0.008188445121049881,"w":0.9809353947639465},"size":620.1393432617188,"orthographic":false}