{"cameraMode":{"drawMode":0,"name":"Shaded","section":"Shading Mode"},"sceneLighting":true,"audioPlay":false,"sceneViewState":{"showFog":true,"showMaterialUpdate":false,"showSkybox":true,"showFlares":true,"showImageEffects":true,"showParticleSystems":true},"in2DMode":false,"pivot":{"x":8.369999885559082,"y":0.5899999141693115,"z":32.40999984741211},"rotation":{"x":0.17705142498016358,"y":-0.3481043875217438,"z":0.06712798774242401,"w":0.9181340336799622},"size":9.002537727355957,"orthographic":false}