{"cameraMode":{"drawMode":0,"name":"Shaded","section":"Shading Mode"},"sceneLighting":true,"audioPlay":false,"sceneViewState":{"showFog":true,"showMaterialUpdate":false,"showSkybox":true,"showFlares":true,"showImageEffects":true,"showParticleSystems":true},"in2DMode":false,"pivot":{"x":1.3369734287261963,"y":1.462031602859497,"z":31.64093780517578},"rotation":{"x":-0.011297333054244519,"y":0.3967140018939972,"z":-0.004888769704848528,"w":-0.9178597331047058},"size":2.054765462875366,"orthographic":false}